work_day,temp,humidity,wind_speed,num_bikes
0,0.265833,0.687917,0.175996,2.947
1,0.282609,0.622174,0.1538,3.784
1,0.354167,0.49625,0.147379,4.375
1,0.25666700000000003,0.722917,0.133721,2.802
1,0.265,0.562083,0.194037,3.83
1,0.280833,0.54,0.11692899999999999,3.831
0,0.224167,0.73125,0.289796,2.169
0,0.1275,0.46458299999999997,0.40921199999999996,1.529
1,0.2225,0.41125,0.167283,3.422
1,0.31916700000000003,0.50875,0.141179,3.922
